Date,Name,Year,Letterboxd URI,Rating
2020-06-16,Knives Out,2019,https://boxd.it/jWEA,3
2020-06-16,Parasite,2019,https://boxd.it/hTha,5
2020-06-16,BlacKkKlansman,2018,https://boxd.it/hxL8,4
2020-06-16,Once Upon a Time… in Hollywood,2019,https://boxd.it/gH0O,3
2020-06-16,Midsommar,2019,https://boxd.it/jhxe,3.5
2020-06-16,Nosferatu,1922,https://boxd.it/29TM,3.5
2020-06-16,City of God,2002,https://boxd.it/2a2a,5
2020-06-16,Arrival,2016,https://boxd.it/aNGk,4
2020-06-16,Roma,2018,https://boxd.it/f69M,3.5
2020-06-16,The Lighthouse,2019,https://boxd.it/icFU,5
2020-06-16,Moonlight,2016,https://boxd.it/d6bE,5
2020-06-16,Howl's Moving Castle,2004,https://boxd.it/23De,3
2020-06-16,Django Unchained,2012,https://boxd.it/2cCk,5
2020-06-19,Antonio das Mortes,1969,https://boxd.it/2Bcm,5
2020-06-19,The Irishman,2019,https://boxd.it/dYOq,5
2020-06-19,Marriage Story,2019,https://boxd.it/hJAw,4
2020-06-19,Green Book,2018,https://boxd.it/hErk,3
2020-06-19,The Ballad of Buster Scruggs,2018,https://boxd.it/jB2q,4
2020-06-19,Vincent,1982,https://boxd.it/1hLa,5
2020-06-20,The Stranger,1946,https://boxd.it/1DP4,3
2020-06-20,Casino,1995,https://boxd.it/2ads,5
2020-06-20,The Godfather,1972,https://boxd.it/2aNK,5
2020-06-20,The Godfather: Part II,1974,https://boxd.it/2aNq,5
2020-06-20,Psycho,1960,https://boxd.it/2ab2,5
2020-06-20,Scarface,1983,https://boxd.it/2b7g,5
2020-06-20,Eternal Sunshine of the Spotless Mind,2004,https://boxd.it/6YK,3.5
2020-06-20,This Night I'll Possess Your Corpse,1967,https://boxd.it/1kj4,3.5
2020-06-20,The Second Mother,2015,https://boxd.it/9Ydm,4
2020-06-20,Elite Squad: The Enemy Within,2010,https://boxd.it/Jx4,4
2020-06-20,A Clockwork Orange,1971,https://boxd.it/2aVE,4.5
2020-06-20,Gone Girl,2014,https://boxd.it/6hQu,3.5
2020-06-20,Se7en,1995,https://boxd.it/29zs,4
2020-06-20,The Flu,2013,https://boxd.it/61mo,2.5
2020-06-21,American Made,2017,https://boxd.it/bb66,3.5
2020-06-21,Hereditary,2018,https://boxd.it/hNVe,5
2020-06-21,The Strange Thing About the Johnsons,2011,https://boxd.it/56nO,3
2020-06-21,Sergio,2020,https://boxd.it/oiQ2,2.5
2020-06-22,Avengers: Infinity War,2018,https://boxd.it/9vEe,4.5
2020-06-22,The Dreamseller,2016,https://boxd.it/eNye,1
2020-06-22,Get Out,2017,https://boxd.it/eOCm,4.5
2020-06-24,Forrest Gump,1994,https://boxd.it/728,5
2020-06-25,The Other Side of the Wind,2018,https://boxd.it/9w5Y,3.5
2020-07-02,WHAT DID JACK DO?,2017,https://boxd.it/jcWe,3
2020-07-02,The Breakfast Club,1985,https://boxd.it/27q4,3
2020-07-03,A Ghost Story,2017,https://boxd.it/fb0K,4
2020-07-03,The Truman Show,1998,https://boxd.it/18U8,4
2020-07-04,Persona,1966,https://boxd.it/29B4,5
2020-07-05,Neighboring Sounds,2012,https://boxd.it/3nzS,4
2020-07-07,Lost in Translation,2003,https://boxd.it/2b0E,3.5
2020-07-09,Once Upon a Time in the West,1968,https://boxd.it/2az4,4.5
2020-07-10,Frances Ha,2012,https://boxd.it/41Xg,3
2020-07-10,Isle of Flowers,1989,https://boxd.it/POU,4
2020-07-11,Pain and Glory,2019,https://boxd.it/iOBQ,4
2020-07-11,Children of Men,2006,https://boxd.it/1Y2i,3.5
2020-07-11,Miracle in Cell No. 7,2019,https://boxd.it/nFrM,1.5
2020-07-12,It,2017,https://boxd.it/bC8e,3
2020-07-12,It Chapter Two,2019,https://boxd.it/h10u,1.5
2020-07-12,Thor: The Dark World,2013,https://boxd.it/2DqA,0.5
2020-07-12,Deadpool,2016,https://boxd.it/9fOC,2
2020-07-12,Suicide Squad,2016,https://boxd.it/9row,0.5
2020-07-12,The Incredibles,2004,https://boxd.it/1XLm,3.5
2020-07-12,The Babysitter,2017,https://boxd.it/eP1w,2
2020-07-12,The Revenant,2015,https://boxd.it/8H5e,3
2020-07-12,Justice League,2017,https://boxd.it/4w68,1.5
2020-07-12,John Wick,2014,https://boxd.it/7dEc,3.5
2020-07-12,The Visit,2015,https://boxd.it/9ssO,4
2020-07-12,The Amazing Spider-Man,2012,https://boxd.it/27PI,1.5
2020-07-12,The Amazing Spider-Man 2,2014,https://boxd.it/3utM,0.5
2020-07-12,The Bye Bye Man,2017,https://boxd.it/9b2k,0.5
2020-07-12,Rise of the Planet of the Apes,2011,https://boxd.it/cS4,3
2020-07-12,Ad Astra,2019,https://boxd.it/ePzI,3
2020-07-12,A Beautiful Day in the Neighborhood,2019,https://boxd.it/i7vA,3
2020-07-12,The Last Portrait,2016,https://boxd.it/pAXM,4
2020-07-12,Repulsion,1965,https://boxd.it/1TKu,5
2020-07-12,Scoob!,2020,https://boxd.it/dqh8,2
2020-07-12,Batman Begins,2005,https://boxd.it/2aIg,3
2020-07-12,300,2006,https://boxd.it/28XI,3
2020-07-12,Watchmen,2009,https://boxd.it/1QE4,2
2020-07-12,The Two Popes,2019,https://boxd.it/k8Xk,4
2020-07-12,The Girl with the Dragon Tattoo,2011,https://boxd.it/2Pa,4
2020-07-13,Blue Velvet,1986,https://boxd.it/29BI,5
2020-07-14,Aquarius,2016,https://boxd.it/d6YQ,5
2020-07-15,Hour of the Wolf,1968,https://boxd.it/1H9G,4
2020-07-17,The Dark Knight,2008,https://boxd.it/2b0k,5
2020-07-17,At Midnight I'll Take Your Soul,1964,https://boxd.it/1kje,5
2020-07-17,No Country for Old Men,2007,https://boxd.it/21ew,5
2020-07-19,Big Fish,2003,https://boxd.it/2a3M,4
2020-07-19,Alice in Wonderland,2010,https://boxd.it/1Spq,3
2020-07-20,A Velha a Fiar,1964,https://boxd.it/aM32,4
2020-07-20,Alice Through the Looking Glass,2016,https://boxd.it/75Yo,1
2020-07-21,The Elephant Man,1980,https://boxd.it/27LQ,4
2020-07-22,True Grit,2010,https://boxd.it/Sog,3.5
2020-07-22,Un Chien Andalou,1929,https://boxd.it/29Y8,5
2020-07-23,Anima,2019,https://boxd.it/mxuc,3.5
2020-07-23,The Dark Knight Rises,2012,https://boxd.it/H3m,3
2020-07-23,Ford v Ferrari,2019,https://boxd.it/ce74,2.5
2020-07-23,Thor: Ragnarok,2017,https://boxd.it/8MHi,3.5
2020-07-23,Captain America: The Winter Soldier,2014,https://boxd.it/3r58,4
2020-07-23,Avengers: Endgame,2019,https://boxd.it/9vE4,4
2020-07-23,Captain America: Civil War,2016,https://boxd.it/89Ja,3
2020-07-23,Toy Story 2,1999,https://boxd.it/29qq,3.5
2020-07-23,Toy Story,1995,https://boxd.it/29qA,4
2020-07-23,Inglourious Basterds,2009,https://boxd.it/1JzG,5
2020-07-23,The Hateful Eight,2015,https://boxd.it/8gw8,4
2020-07-23,Wild Strawberries,1957,https://boxd.it/29ZU,5
2020-07-25,The Social Network,2010,https://boxd.it/17ue,4
2020-07-25,Inception,2010,https://boxd.it/1skk,3
2020-07-25,Guardians of the Galaxy,2014,https://boxd.it/3VH2,3
2020-07-25,Guardians of the Galaxy Vol. 2,2017,https://boxd.it/8MxC,4
2020-07-25,Rise of the Guardians,2012,https://boxd.it/2PXw,2
2020-07-25,Loving Vincent,2017,https://boxd.it/biIQ,4
2020-07-26,Death Note,2017,https://boxd.it/bOS4,2
2020-07-26,Stagecoach,1939,https://boxd.it/297S,4
2020-07-27,The Meyerowitz Stories (New and Selected),2017,https://boxd.it/dSp0,4
2020-07-29,Memento,2000,https://boxd.it/2bcK,3.5
2020-07-29,Finding Nemo,2003,https://boxd.it/72i,3.5
2020-07-29,Cries and Whispers,1972,https://boxd.it/1WK8,5
2020-07-30,Twenty Years Later,1984,https://boxd.it/33Oo,5
2020-07-30,A Dog's Will,2000,https://boxd.it/12u4,4
2020-07-31,Frenzy,1972,https://boxd.it/2a62,4.5
2020-08-01,The Sixth Sense,1999,https://boxd.it/29Js,4
2020-08-01,Glass,2019,https://boxd.it/g3uO,3.5
2020-08-01,Split,2016,https://boxd.it/dgSy,4
2020-08-02,Dimensions of Dialogue,1983,https://boxd.it/1FPq,4
2020-08-04,White Chicks,2004,https://boxd.it/1SpK,3
2020-08-04,Iron Man 3,2013,https://boxd.it/2cBQ,2
2020-08-05,Back to the Future,1985,https://boxd.it/2b8e,4
2020-08-06,Bitter Moon,1992,https://boxd.it/1W76,3.5
2020-08-07,Climax,2018,https://boxd.it/ikvo,4.5
2020-08-10,The Master,2012,https://boxd.it/2cBG,4
2020-08-12,Baby Driver,2017,https://boxd.it/bhF2,4
2020-08-14,Death Proof,2007,https://boxd.it/27GG,4.5
2020-08-17,Project Power,2020,https://boxd.it/ml8S,3
2020-08-18,Rebecca,1940,https://boxd.it/2aQa,4.5
2020-08-19,The Hater,2020,https://boxd.it/lKs2,3.5
2020-08-23,Jaws,1975,https://boxd.it/2a5e,4
2020-08-24,Monty Python and the Holy Grail,1975,https://boxd.it/29GI,4
2020-08-28,Rio Bravo,1959,https://boxd.it/2aE4,4
2020-08-28,Rio Grande,1950,https://boxd.it/1TpG,3.5
2020-08-29,Bombshell,2019,https://boxd.it/j5YC,2.5
2020-08-30,Full Metal Jacket,1987,https://boxd.it/2a1Q,5
2020-08-31,Black Panther,2018,https://boxd.it/8MHs,2.5
2020-09-02,Annihilation,2018,https://boxd.it/9yzm,3.5
2020-09-02,American Beauty,1999,https://boxd.it/71Y,4
2020-09-08,The Wolf of Wall Street,2013,https://boxd.it/3C1m,3.5
2020-09-08,I'm Thinking of Ending Things,2020,https://boxd.it/i4IQ,4
2020-09-09,Shutter Island,2010,https://boxd.it/1U82,3.5
2020-09-09,Bad,1987,https://boxd.it/bp7W,3
2020-09-09,Mulan,1998,https://boxd.it/1VFw,3
2020-09-09,Cars,2006,https://boxd.it/29ho,3
2020-09-09,The Lion King,2019,https://boxd.it/eSjI,2
2020-09-09,The Lion King,1994,https://boxd.it/201Q,4
2020-09-09,Incredibles 2,2018,https://boxd.it/7IPg,3
2020-09-09,Toy Story 4,2019,https://boxd.it/9ALu,2
2020-09-09,"Monsters, Inc.",2001,https://boxd.it/2a46,3
2020-09-09,Wreck-It Ralph,2012,https://boxd.it/2TTS,2.5
2020-09-09,Aladdin,2019,https://boxd.it/eSjy,3
2020-09-09,Monsters University,2013,https://boxd.it/bQm,2
2020-09-09,Maleficent,2014,https://boxd.it/3v1u,1.5
2020-09-09,The Jungle Book,2016,https://boxd.it/8wjk,3
2020-09-09,Fantasia,1940,https://boxd.it/29HG,3.5
2020-09-09,TRON: Legacy,2010,https://boxd.it/1Dlo,2
2020-09-09,Cars 2,2011,https://boxd.it/H4Y,2
2020-09-09,The BFG,2016,https://boxd.it/81cs,1.5
2020-09-09,Sky High,2005,https://boxd.it/1TNI,1.5
2020-09-09,Murder Mystery,2019,https://boxd.it/iEBm,2
2020-09-09,You Don't Mess with the Zohan,2008,https://boxd.it/1VHs,1
2020-09-09,That's My Boy,2012,https://boxd.it/35IW,1
2020-09-09,Pixels,2015,https://boxd.it/7BaA,2
2020-09-09,Klaus,2019,https://boxd.it/ipoi,4
2020-09-09,Despicable Me,2010,https://boxd.it/1DD8,2.5
2020-09-09,Despicable Me 2,2013,https://boxd.it/3gg0,2
2020-09-09,Minions,2015,https://boxd.it/6jCO,1
2020-09-09,Kung Fu Panda,2008,https://boxd.it/1Yws,3
2020-09-09,The Lord of the Rings: The Fellowship of the Ring,2001,https://boxd.it/2b5O,5
2020-09-09,The Lord of the Rings: The Two Towers,2002,https://boxd.it/2b5E,4
2020-09-09,The Lord of the Rings: The Return of the King,2003,https://boxd.it/2b5u,5
2020-09-09,Venom,2018,https://boxd.it/b8wA,2.5
2020-09-09,The Last Temptation of Christ,1988,https://boxd.it/1ULe,5
2020-09-10,John Was Trying to Contact Aliens,2020,https://boxd.it/opeY,3.5
2020-09-10,Land Without Bread,1933,https://boxd.it/2bau,3
2020-09-10,Man of Steel,2013,https://boxd.it/FRk,2.5
2020-09-10,Shazam!,2019,https://boxd.it/8WBu,3
2020-09-11,The Karate Kid,1984,https://boxd.it/27Wk,4
2020-09-11,The Karate Kid,2010,https://boxd.it/15HA,1.5
2020-09-12,Onibaba,1964,https://boxd.it/252a,5
2020-09-13,Killed the Family and Went to the Movies,1969,https://boxd.it/5nxm,4
2020-09-13,X-Men,2000,https://boxd.it/1a7s,3
2020-09-13,X-Men: The Last Stand,2006,https://boxd.it/1a5Q,2.5
2020-09-15,The Social Dilemma,2020,https://boxd.it/opQI,4.5
2020-09-16,Knock Knock,2015,https://boxd.it/7Q9s,3
2020-09-16,Cuties,2020,https://boxd.it/lqPg,2.5
2020-09-18,Donnie Darko,2001,https://boxd.it/2b2A,3.5
2020-09-21,The Karate Kid Part III,1989,https://boxd.it/1W7q,3.5
2020-09-21,The Karate Kid Part II,1986,https://boxd.it/1ZJM,2.5
2020-09-21,School of Rock,2003,https://boxd.it/28xK,4
2020-09-22,Elite Squad,2007,https://boxd.it/20YI,4
2020-09-23,The Devil All the Time,2020,https://boxd.it/i2tY,3.5
2020-09-24,Birdman or (The Unexpected Virtue of Ignorance),2014,https://boxd.it/5RFA,3.5
2020-09-26,Enola Holmes,2020,https://boxd.it/hX2o,2.5
2020-09-26,Batman v Superman: Dawn of Justice,2016,https://boxd.it/6fBW,2
2020-09-26,The King,2019,https://boxd.it/ieZs,3
2020-09-26,Kick-Ass,2010,https://boxd.it/1zaQ,3.5
2020-09-26,Kick-Ass 2,2013,https://boxd.it/hqu,2.5
2020-09-27,The Big Short,2015,https://boxd.it/ajZw,3
2020-09-27,Phantom Thread,2017,https://boxd.it/e4uc,4.5
2020-09-27,There Will Be Blood,2007,https://boxd.it/20Z2,4.5
2020-10-03,Mission: Impossible,1996,https://boxd.it/29d2,4.5
2020-10-04,Necropolis Symphony,2014,https://boxd.it/8Yos,3.5
2020-10-07,Dracula,2020,https://boxd.it/ozuM,2.5
2020-10-07,Richard Jewell,2019,https://boxd.it/99Mg,4
2020-10-07,Bram Stoker's Dracula,1992,https://boxd.it/223a,3.5
2020-10-09,Michael Jackson's Thriller,1983,https://boxd.it/3e76,5
2020-10-09,Raiders of the Lost Ark,1981,https://boxd.it/2bbs,4.5
2020-10-09,Batman Beyond: Return of the Joker,2000,https://boxd.it/1KwS,4
2020-10-09,Batman: The Killing Joke,2016,https://boxd.it/djxe,3
2020-10-10,Scooby-Doo,2002,https://boxd.it/1YaQ,2
2020-10-10,Spider-Man 2,2004,https://boxd.it/2a88,5
2020-10-11,Superhero Movie,2008,https://boxd.it/1SM0,2.5
2020-10-12,The Do-Over,2016,https://boxd.it/dA2C,2
2020-10-12,Hubie Halloween,2020,https://boxd.it/mQwm,2.5
2020-10-13,Batman & Robin,1997,https://boxd.it/2ar0,1
2020-10-13,Batman Forever,1995,https://boxd.it/2ara,2.5
2020-10-13,Bruce Almighty,2003,https://boxd.it/2aCC,3
2020-10-13,Lemony Snicket's A Series of Unfortunate Events,2004,https://boxd.it/1T7s,3
2020-10-13,Mr. Popper's Penguins,2011,https://boxd.it/kRS,2.5
2020-10-13,Dumb and Dumber To,2014,https://boxd.it/3qPk,3
2020-10-14,Duel,1971,https://boxd.it/29ui,5
2020-10-16,The Mask,1994,https://boxd.it/29rS,4
2020-10-17,Spider-Man: Into the Spider-Verse,2018,https://boxd.it/azpY,5
2020-10-17,Hot Pursuit,2015,https://boxd.it/83Vu,1
2020-10-18,Dunkirk,2017,https://boxd.it/d0Y6,3
2020-10-20,Sleepy Hollow,1999,https://boxd.it/26u0,4.5
2020-10-21,Yesterday There Were Strange Things in the Sky,2020,https://boxd.it/jRlo,4
2020-10-23,Life of Pi,2012,https://boxd.it/37pC,3.5
2020-10-23,Now You See Me,2013,https://boxd.it/2Bsu,2.5
2020-10-23,Now You See Me 2,2016,https://boxd.it/99fw,2
2020-10-23,2012,2009,https://boxd.it/1OE2,3
2020-10-23,The Village,2004,https://boxd.it/21iS,4
2020-10-23,Rio 2,2014,https://boxd.it/5jfy,3
2020-10-23,Rio,2011,https://boxd.it/NKc,3.5
2020-10-23,Once Upon a Time in Rio,2008,https://boxd.it/13MI,2
2020-10-23,Collateral,2004,https://boxd.it/28F0,4
2020-10-24,Moonwalker,1988,https://boxd.it/2wrm,3.5
2020-11-05,It Comes at Night,2017,https://boxd.it/eLuk,4
2020-11-05,Borat: Cultural Learnings of America for Make Benefit Glorious Nation of Kazakhstan,2006,https://boxd.it/2agQ,4.5
2020-11-07,Mean Girls,2004,https://boxd.it/1VNg,3.5
2020-11-08,His House,2020,https://boxd.it/l8Qq,3.5
2020-11-09,Slumdog Millionaire,2008,https://boxd.it/1S3E,2
2020-11-09,The Cabinet of Dr. Caligari,1920,https://boxd.it/2aOo,5
2020-11-11,The Simpsons Movie,2007,https://boxd.it/6YU,3
2020-11-11,The Shining,1980,https://boxd.it/29Nu,5
2020-11-11,Gladiator,2000,https://boxd.it/2b9m,3.5
2020-11-13,The Aviator,2004,https://boxd.it/26BU,3.5
2020-11-16,The Last Airbender,2010,https://boxd.it/1WQK,2
2020-11-16,After Earth,2013,https://boxd.it/2TSg,1.5
2020-11-17,Hush,2016,https://boxd.it/d5ys,4
2020-11-17,The Haunting of Hill House,2018,https://boxd.it/kfJ0,4.5
2020-11-18,Casa Grande,2014,https://boxd.it/81AO,4
2020-11-19,The Adventures of Sharkboy and Lavagirl,2005,https://boxd.it/1Ozm,2
2020-11-20,Kiss of the Spider Woman,1985,https://boxd.it/1Tci,4.5
2020-11-21,The Dictator,2012,https://boxd.it/2DEW,2.5
2020-11-22,Frankenstein,1910,https://boxd.it/265a,3.5
2020-11-22,Life of Brian,1979,https://boxd.it/2a4q,4
2020-11-22,Eyes Wide Shut,1999,https://boxd.it/2axs,5
2020-11-23,Batman,1989,https://boxd.it/2aIU,4.5
2020-11-23,If Anything Happens I Love You,2020,https://boxd.it/qIv4,4.5
2020-11-23,Meshes of the Afternoon,1943,https://boxd.it/1sEE,5
2020-11-25,Don't Hug Me I'm Scared,2011,https://boxd.it/4afW,4
2020-11-25,Scary Movie,2000,https://boxd.it/24CG,3
2020-11-26,Megamind,2010,https://boxd.it/16Sk,3.5
2020-11-26,Night at the Museum,2006,https://boxd.it/28wi,2.5
2020-11-26,Night at the Museum: Secret of the Tomb,2014,https://boxd.it/5x3m,2.5
2020-11-26,Night at the Museum: Battle of the Smithsonian,2009,https://boxd.it/1H7U,2
2020-11-26,Real Steel,2011,https://boxd.it/147m,3.5
2020-11-27,Secret Beyond the Door...,1947,https://boxd.it/2a7O,3.5
2020-11-30,Magnolia,1999,https://boxd.it/2aze,5
2020-12-01,Doctor Strange,2016,https://boxd.it/8MH8,3
2020-12-01,Vice,2018,https://boxd.it/fcFY,3.5
2020-12-01,Rango,2011,https://boxd.it/QPk,4
2020-12-01,The Age of Innocence,1993,https://boxd.it/1WgM,5
2020-12-02,Percy Jackson & the Olympians: The Lightning Thief,2010,https://boxd.it/1gJi,2
2020-12-02,Percy Jackson: Sea of Monsters,2013,https://boxd.it/2D8m,1.5
2020-12-03,The Queen's Gambit,2020,https://boxd.it/s1Ym,4
2020-12-04,Thoroughbreds,2017,https://boxd.it/dVHQ,4
2020-12-05,A Christmas Carol,2009,https://boxd.it/1HKW,3.5
2020-12-05,Citizen Kane,1941,https://boxd.it/71O,5
2020-12-06,Thor,2011,https://boxd.it/1WQU,2.5
2020-12-06,The Wolverine,2013,https://boxd.it/2CWU,3.5
2020-12-06,X-Men: First Class,2011,https://boxd.it/FOA,3
2020-12-08,Mank,2020,https://boxd.it/mIuC,3.5
2020-12-08,The Imitation Game,2014,https://boxd.it/6aig,3.5
2020-12-08,Ghostbusters,2016,https://boxd.it/Vm8,1.5
2020-12-09,Mud Zombies,2008,https://boxd.it/4ncw,2.5
2020-12-10,Euphoria: Trouble Don't Last Always,2020,https://boxd.it/ta4a,4.5
2020-12-10,El Camino: A Breaking Bad Movie,2019,https://boxd.it/kv0q,4
2020-12-10,Snow White and the Huntsman,2012,https://boxd.it/k1M,2.5
2020-12-10,The Trial of the Chicago 7,2020,https://boxd.it/kn3w,3
2020-12-12,Indiana Jones and the Temple of Doom,1984,https://boxd.it/2bb8,4.5
2020-12-13,S. Bernardo,1972,https://boxd.it/7r2m,5
2020-12-14,The Godfather: Part III,1990,https://boxd.it/2aN6,4.5
2020-12-16,Basic Instinct,1992,https://boxd.it/2asM,4.5
2020-12-21,Mandy,2018,https://boxd.it/gtti,5
2020-12-22,Fantastic Four,2005,https://boxd.it/1XVw,3
2020-12-22,Fantastic Four: Rise of the Silver Surfer,2007,https://boxd.it/27Ii,1.5
2020-12-22,Fantastic Four,2015,https://boxd.it/5a9c,1
2020-12-23,King Kong,2005,https://boxd.it/2aLa,4
2020-12-23,Frankenweenie,2012,https://boxd.it/bPS,3.5
2020-12-23,Jojo Rabbit,2019,https://boxd.it/iEBG,3.5
2020-12-24,Ma Rainey's Black Bottom,2020,https://boxd.it/mLcm,3.5
2020-12-24,The Invisible Man,2020,https://boxd.it/kWlA,4.5
2020-12-25,The Platform,2019,https://boxd.it/mUm6,3.5
2020-12-25,Bacurau,2019,https://boxd.it/fSUG,4
2020-12-25,How the Grinch Stole Christmas,2000,https://boxd.it/1ZHQ,3
2020-12-25,Pan's Labyrinth,2006,https://boxd.it/28No,4.5
2020-12-25,The Boy,2016,https://boxd.it/apZi,3
2020-12-26,Palm Springs,2020,https://boxd.it/lCXQ,4.5
2020-12-27,Sherlock Holmes: A Game of Shadows,2011,https://boxd.it/k3S,3
2020-12-30,Soul,2020,https://boxd.it/ioLA,4
2020-12-30,The Midnight Sky,2020,https://boxd.it/mK6C,2.5
2021-01-03,Black Mirror: Nosedive,2016,https://boxd.it/hK9G,3
2021-01-03,Chernobyl,2019,https://boxd.it/mkbG,5
2021-01-03,The Last Dance,2020,https://boxd.it/pVfc,4
2021-01-03,"Tiger King: Murder, Mayhem and Madness",2020,https://boxd.it/pzj2,4.5
2021-01-03,Black Mirror: The National Anthem,2011,https://boxd.it/hQYK,4
2021-01-03,Black Mirror: Bandersnatch,2018,https://boxd.it/kTDG,3
2021-01-03,"Love, Death & Robots: When the Yogurt Took Over",2019,https://boxd.it/lFSY,3.5
2021-01-03,In the Tall Grass,2019,https://boxd.it/iZpm,3.5
2021-01-03,1922,2017,https://boxd.it/g8CS,4
2021-01-03,Ghost Killers vs. Bloody Mary,2018,https://boxd.it/kw3U,3
2021-01-04,Fences,2016,https://boxd.it/dL6A,4
2021-01-04,Notting Hill,1999,https://boxd.it/2aeK,3
2021-01-06,Star Wars,1977,https://boxd.it/72s,4.5
2021-01-06,Steamboat Willie,1928,https://boxd.it/wgk,3.5
2021-01-06,Never Rarely Sometimes Always,2020,https://boxd.it/lWJk,5
2021-01-07,The Empire Strikes Back,1980,https://boxd.it/27Vw,5
2021-01-09,Emicida: AmarElo - It's All for Yesterday,2020,https://boxd.it/sLK6,4
2021-01-10,The Witch,2015,https://boxd.it/9X0m,5
2021-01-10,Sound of Metal,2019,https://boxd.it/i7Q4,4
2021-01-11,Iron Man 2,2010,https://boxd.it/1WZM,2.5
2021-01-11,First Cow,2019,https://boxd.it/krga,5
2021-01-11,Da 5 Bloods,2020,https://boxd.it/lnXw,4.5
2021-01-11,Sertânia,2019,https://boxd.it/lUhS,5
2021-01-12,The Metamorphosis of Birds,2020,https://boxd.it/oJsw,4
2021-01-15,Moana,2016,https://boxd.it/8tfY,3.5
2021-01-15,Dick Johnson Is Dead,2020,https://boxd.it/oigy,4.5
2021-01-16,WALL·E,2008,https://boxd.it/1VEo,4
2021-01-17,Mad Max: Fury Road,2015,https://boxd.it/2DjO,5
2021-01-18,Russian Ark,2002,https://boxd.it/1JQM,5
2021-01-18,Spirited Away,2001,https://boxd.it/2b4m,5
2021-01-22,Pieces of a Woman,2020,https://boxd.it/nOrQ,3
2021-01-24,Don't F**k with Cats: Hunting an Internet Killer,2019,https://boxd.it/oqjq,4
2021-01-24,Euphoria: F*ck Anyone Who’s Not a Sea Blob,2021,https://boxd.it/tMkU,4.5
2021-01-27,Return of the Jedi,1983,https://boxd.it/27Vm,3
2021-01-28,Skull: The Mask,2020,https://boxd.it/qkbk,3
2021-01-28,Color Out of Space,2019,https://boxd.it/k1HY,3.5
2021-01-28,Santa Sangre,1989,https://boxd.it/1FrI,5
2021-01-29,Night of the Living Dead,1968,https://boxd.it/1WwA,5
2021-02-01,Ant-Man,2015,https://boxd.it/3vmW,3.5
2021-02-01,Captain Marvel,2019,https://boxd.it/9vSA,2
2021-02-04,Vampyr,1932,https://boxd.it/29DY,3
2021-02-06,Up,2009,https://boxd.it/1OEc,4.5
2021-02-06,Wonder Woman 1984,2020,https://boxd.it/gBtA,2.5
2021-02-07,Dersu Uzala,1975,https://boxd.it/1XRO,5
2021-02-09,Malcolm & Marie,2021,https://boxd.it/r5cO,3.5
2021-02-10,My Neighbor Totoro,1988,https://boxd.it/20eA,4.5
2021-02-14,Scott Pilgrim vs. the World,2010,https://boxd.it/1Aq6,4.5
2021-02-15,Ready Player One,2018,https://boxd.it/aZes,3
2021-02-15,X-Men: Days of Future Past,2014,https://boxd.it/4aRw,4
2021-02-16,Wonder Woman,2017,https://boxd.it/9roG,3
2021-02-16,Iron Man,2008,https://boxd.it/28dA,3.5
2021-02-16,The Avengers,2012,https://boxd.it/1xFW,3
2021-02-16,Aquaman,2018,https://boxd.it/9ru0,3
2021-02-16,Fear and Desire,1952,https://boxd.it/1WVq,3
2021-02-16,GoodFellas,1990,https://boxd.it/29FA,4.5
2021-02-24,I Care a Lot,2020,https://boxd.it/mcHk,2
2021-02-25,Pulp Fiction,1994,https://boxd.it/29Pq,4
2021-02-28,Come and See,1985,https://boxd.it/1w9q,5
2021-03-06,WandaVision,2021,https://boxd.it/sbGW,3.5
2021-03-06,Ghost Rider,2007,https://boxd.it/290M,3
2021-03-06,The Incredible Hulk,2008,https://boxd.it/28dU,3.5
2021-03-07,The Irishman: In Conversation,2019,https://boxd.it/odsY,5
2021-03-07,First Reformed,2017,https://boxd.it/go9C,5
2021-03-10,Mulholland Drive,2001,https://boxd.it/297o,5
2021-03-12,Taxi Driver,1976,https://boxd.it/2b8y,4.5
2021-03-14,The Legend of Tarzan,2016,https://boxd.it/7DUU,3
2021-03-17,Judas and the Black Messiah,2021,https://boxd.it/lsew,4
2021-03-17,The Nun,2018,https://boxd.it/fBkw,1.5
2021-03-19,Zack Snyder's Justice League,2021,https://boxd.it/tLOk,4
2021-03-20,Avengers: Age of Ultron,2015,https://boxd.it/3qi6,2
2021-03-20,Ombres,2021,https://boxd.it/ugx0,5
2021-03-20,Umbral,2020,https://boxd.it/tLEO,4.5
2021-03-20,Watchmen,2019,https://boxd.it/ol5e,5
2021-03-20,Day of the Fight,1951,https://boxd.it/Ohq,3.5
2021-03-21,Le Temps Passe,2020,https://boxd.it/tPIg,4
2021-03-23,Double King,2017,https://boxd.it/g2Sq,3.5
2021-03-23,A Trip to the Moon,1902,https://boxd.it/29EC,5
2021-03-23,The Astronomer's Dream,1898,https://boxd.it/3yr6,5
2021-03-24,Brave,2012,https://boxd.it/bVG,3
2021-03-24,Inside Out,2015,https://boxd.it/4KHC,3.5
2021-03-24,Coco,2017,https://boxd.it/bYJQ,4
2021-03-25,Pas de Deux,1968,https://boxd.it/4dP4,5
2021-03-26,Metropolis,1927,https://boxd.it/71a,5
2021-03-27,Seven Samurai,1954,https://boxd.it/2axi,5
2021-03-30,Charlie and the Chocolate Factory,2005,https://boxd.it/2b68,3
2021-03-30,The Evil Dead,1981,https://boxd.it/29Go,5
2021-04-02,Spider-Man: Far from Home,2019,https://boxd.it/fegG,3
2021-04-02,Spider-Man: Homecoming,2017,https://boxd.it/aboM,3.5
2021-04-02,Ant-Man and the Wasp,2018,https://boxd.it/cqUW,2.5
2021-04-02,Captain America: The First Avenger,2011,https://boxd.it/28b0,3
2021-04-02,The Thing,1982,https://boxd.it/294O,4.5
2021-04-02,They Live,1988,https://boxd.it/20lm,4.5
2021-04-02,The Holy Mountain,1973,https://boxd.it/20mu,4
2021-04-03,Battleship Potemkin,1925,https://boxd.it/29Vo,4
2021-04-04,First Blood,1982,https://boxd.it/28U0,5
2021-04-06,Barry Lyndon,1975,https://boxd.it/25A2,4.5
2021-04-08,Beauty and the Beast,2017,https://boxd.it/ar0c,2.5
2021-04-08,The Conjuring 2,2016,https://boxd.it/7GJg,3
2021-04-08,Zootopia,2016,https://boxd.it/84xS,3
2021-04-08,Cinderella,2015,https://boxd.it/4KX6,2
2021-04-08,The SpongeBob Movie: Sponge Out of Water,2015,https://boxd.it/6JxU,1.5
2021-04-08,My Mom Is a Character,2013,https://boxd.it/66ps,2.5
2021-04-08,The Conjuring,2013,https://boxd.it/4sr2,4
2021-04-08,The Impossible,2012,https://boxd.it/2N9k,3
2021-04-08,Tangled,2010,https://boxd.it/15gO,2
2021-04-08,Gulliver's Travels,2010,https://boxd.it/15iK,1
2021-04-08,Sherlock: A Study in Pink,2010,https://boxd.it/mueU,3.5
2021-04-08,Coraline,2009,https://boxd.it/1NhQ,4.5
2021-04-08,Marley & Me,2008,https://boxd.it/1Ola,3
2021-04-08,Madagascar: Escape 2 Africa,2008,https://boxd.it/1W2K,3
2021-04-08,The Boy in the Striped Pyjamas,2008,https://boxd.it/1NOK,3
2021-04-08,Ratatouille,2007,https://boxd.it/27ww,3.5
2021-04-08,Monster House,2006,https://boxd.it/1Z2e,4
2021-04-08,The Exorcism of Emily Rose,2005,https://boxd.it/200I,1.5
2021-04-08,Men in Black II,2002,https://boxd.it/2a0y,2.5
2021-04-08,Ice Age,2002,https://boxd.it/2apS,3
2021-04-08,The Rink,1916,https://boxd.it/27uK,3.5
2021-04-09,Punch-Drunk Love,2002,https://boxd.it/20E4,5
2021-04-11,Breathless,1960,https://boxd.it/2aIK,3.5
2021-04-14,Rocketman,2019,https://boxd.it/iehK,4
2021-04-14,Ivan's Childhood,1962,https://boxd.it/1j6y,5
2021-04-15,Peter Rabbit,2018,https://boxd.it/di8W,1.5
2021-04-15,Big Daddy,1999,https://boxd.it/1ZkW,2
2021-04-17,Fantastic Mr. Fox,2009,https://boxd.it/1WyQ,3.5
2021-04-19,Autumn Sonata,1978,https://boxd.it/1Rio,5
2021-04-20,Lost Highway,1997,https://boxd.it/29Wc,4.5
2021-04-21,Joker,2019,https://boxd.it/h4cS,5
2021-04-22,The Life Ahead,2020,https://boxd.it/oRqS,3.5
2021-04-24,The Father,2020,https://boxd.it/m8Ie,5
2021-04-26,Promising Young Woman,2020,https://boxd.it/loRE,4
2021-04-26,Nomadland,2020,https://boxd.it/lnRy,3.5
2021-04-27,Save Ralph,2021,https://boxd.it/ux2o,3.5
2021-04-29,The Machine,2005,https://boxd.it/sgA,3
2021-05-01,Maria Life,2007,https://boxd.it/3bSo,4
2021-05-02,The Secret in Their Eyes,2009,https://boxd.it/1vWw,4.5
2021-05-04,Being John Malkovich,1999,https://boxd.it/2ahu,4.5
2021-05-07,Friendly Beast,2017,https://boxd.it/gvzC,3
2021-05-08,O Lobinho Nunca Mente,2007,https://boxd.it/beSi,5
2021-05-09,"I Travel Because I Have to, I Come Back Because I Love You",2009,https://boxd.it/369y,3
2021-05-12,Documentário,1966,https://boxd.it/5ETk,4
2021-05-12,Cold Tropics,2009,https://boxd.it/5wXS,4
2021-05-12,"Raul: O Início, o Fim e o Meio",2012,https://boxd.it/4dXW,3.5
2021-05-13,The Red Light Bandit,1968,https://boxd.it/5ESQ,4.5
2021-05-14,Brainstorm,2000,https://boxd.it/vlo,5
2021-05-16,Green Vinyl,2004,https://boxd.it/5jlw,4
2021-05-17,Serpico,1973,https://boxd.it/1ZjE,5
2021-05-18,The Emoji Movie,2017,https://boxd.it/d9x4,0.5
2021-05-19,Oldboy,2003,https://boxd.it/29R2,5
2021-05-21,Broken Embraces,2009,https://boxd.it/20yU,3.5
2021-05-23,Deadpool 2,2018,https://boxd.it/dlLM,3
2021-05-23,Missing Link,2019,https://boxd.it/gn0O,3.5
2021-05-23,Lion,2016,https://boxd.it/b2La,2.5
2021-05-23,Superman: Doomsday,2007,https://boxd.it/1PJW,3.5
2021-05-23,Zoolander,2001,https://boxd.it/1YMA,2
2021-05-23,Surf's Up,2007,https://boxd.it/1YKY,2.5
2021-05-23,Cloudy with a Chance of Meatballs,2009,https://boxd.it/1A40,2
2021-05-23,Cloudy with a Chance of Meatballs 2,2013,https://boxd.it/3GMw,2
2021-05-23,Hair Love,2019,https://boxd.it/lI1I,3
2021-05-23,Stuart Little,1999,https://boxd.it/1WZW,2
2021-05-23,Anaconda,1997,https://boxd.it/1YSy,1
2021-05-23,Jack and Jill,2011,https://boxd.it/2pQu,1
2021-05-23,Poltergeist,2015,https://boxd.it/79UK,1.5
2021-05-23,Enchanted,2007,https://boxd.it/24co,2.5
2021-05-23,Planet 51,2009,https://boxd.it/1JA0,1.5
2021-05-23,The Croods,2013,https://boxd.it/FRE,2.5
2021-05-23,Joe,2013,https://boxd.it/4WCO,3
2021-05-23,Astro Boy,2009,https://boxd.it/1JVW,3
2021-05-24,The Woman in the Window,2021,https://boxd.it/iT56,2
2021-05-24,At Land,1944,https://boxd.it/RWc,3
2021-05-25,Witch's Cradle,1944,https://boxd.it/KLm,4.5
2021-05-25,Akira,1988,https://boxd.it/2b1i,5
2021-05-26,The Young and the Damned,1950,https://boxd.it/29AA,4.5
2021-05-27,Alvin and the Chipmunks: The Road Chip,2015,https://boxd.it/7DWQ,1
2021-05-27,Gnomeo & Juliet,2011,https://boxd.it/OKi,1
2021-05-27,Robots,2005,https://boxd.it/1Xve,3
2021-05-27,God's Not Dead,2014,https://boxd.it/7jAg,0.5
2021-05-27,God's Not Dead 2,2016,https://boxd.it/bDUS,0.5
2021-05-27,1917,2019,https://boxd.it/jj4y,3.5
2021-05-27,Ritual in Transfigured Time,1946,https://boxd.it/3Af2,3.5
2021-05-27,The Passion of Anna,1969,https://boxd.it/Wus,4
2021-05-29,"Black God, White Devil",1964,https://boxd.it/2fmY,5
2021-05-30,The Turin Horse,2011,https://boxd.it/2Qsk,5
2021-06-01,Suspiria,1977,https://boxd.it/1SNW,4.5
2021-06-03,Suspiria,2018,https://boxd.it/cioI,4.5
2021-06-04,Her,2013,https://boxd.it/4O24,5
2021-06-07,mother!,2017,https://boxd.it/dgRU,3.5
2021-06-26,Evil Dead II,1987,https://boxd.it/29Ge,5
2021-06-30,Enter the Void,2009,https://boxd.it/1dy2,4
2021-07-05,Melancholia,2011,https://boxd.it/bPI,3.5
2021-07-09,The Virgin Suicides,1999,https://boxd.it/28JG,4
2021-07-12,Estômago: A Gastronomic Story,2007,https://boxd.it/2hnO,4
2021-07-14,Antichrist,2009,https://boxd.it/1Inu,2
2021-07-16,Mirror,1975,https://boxd.it/28Q8,5
2021-07-18,Boogie Nights,1997,https://boxd.it/23um,5
2021-07-18,Heat,1995,https://boxd.it/2bg8,5
2021-07-29,Signs,2002,https://boxd.it/26t2,4.5
2021-07-29,Pink Floyd: The Wall,1982,https://boxd.it/1Sxk,4.5
2021-08-04,The Color of Pomegranates,1969,https://boxd.it/1u94,4
2021-08-05,Old,2021,https://boxd.it/npKI,3.5
2021-08-05,Pig,2021,https://boxd.it/nzoW,3
2021-09-02,The Enigma of Kaspar Hauser,1974,https://boxd.it/1Tba,4
2021-09-09,Entranced Earth,1967,https://boxd.it/qkU,4
2021-09-09,The Suicide Squad,2021,https://boxd.it/fw6O,4.5
2021-09-18,The Sacrifice,1986,https://boxd.it/1xg8,5
2021-10-11,The Conversation,1974,https://boxd.it/2a38,4.5
2021-10-23,Fight Club,1999,https://boxd.it/2a9q,4
2021-10-23,Halloween,1978,https://boxd.it/2wRu,5
2021-10-23,Us,2019,https://boxd.it/gnV6,3.5
2021-10-23,The Perks of Being a Wallflower,2012,https://boxd.it/2ZA8,4.5
2021-10-25,The Matrix,1999,https://boxd.it/2a1m,5
2021-10-25,Gran Torino,2008,https://boxd.it/1Qzy,4
2021-10-26,Superbad,2007,https://boxd.it/20hO,4
2021-11-01,It Follows,2014,https://boxd.it/87wo,3.5
2021-12-01,Perfect Blue,1997,https://boxd.it/1W7A,4
2021-12-06,A Bruddah's Mind,2020,https://boxd.it/oPUc,4
2021-12-13,Catch Me If You Can,2002,https://boxd.it/29VS,4.5
2021-12-17,Kbela,2015,https://boxd.it/cmlS,3.5
2021-12-20,Drive,2011,https://boxd.it/IG,4
2021-12-27,The Power of the Dog,2021,https://boxd.it/m99E,4.5
2021-12-29,Don't Look Up,2021,https://boxd.it/o0Hc,2.5
2022-01-07,Oz the Great and Powerful,2013,https://boxd.it/2cAI,3
2022-01-07,Dressed to Kill,1980,https://boxd.it/1UO8,4
2022-01-09,Annette,2021,https://boxd.it/f0RS,5
2022-01-11,All About My Mother,1999,https://boxd.it/2b9c,5
2022-01-12,Good Time,2017,https://boxd.it/fcFu,4
2022-01-13,The Lost Daughter,2021,https://boxd.it/kgww,3
2022-01-18,Rear Window,1954,https://boxd.it/2a6Q,5
2022-01-19,Ran,1985,https://boxd.it/1Tlu,5
2022-01-20,Scream,1996,https://boxd.it/24EC,4
2022-01-21,The Given Word,1962,https://boxd.it/h6Y,5
2022-01-22,Scooby-Doo 2: Monsters Unleashed,2004,https://boxd.it/1UPA,1
2022-01-24,Fallen Angels,1995,https://boxd.it/1UkW,4.5
2022-01-28,Belle de Jour,1967,https://boxd.it/29Uq,4
2022-02-07,Titane,2021,https://boxd.it/nlQC,4
2022-02-13,Live Flesh,1997,https://boxd.it/2aJ4,4
2022-02-13,The Skin I Live In,2011,https://boxd.it/99A,4
2022-04-04,Vivre Sa Vie,1962,https://boxd.it/28s6,5
2022-04-21,Metal Lords,2022,https://boxd.it/rLTA,2.5
2022-04-24,Kika,1993,https://boxd.it/20sM,4.5
2022-04-24,The Butterfly Effect,2004,https://boxd.it/27M0,4.5
2022-05-15,Doctor Strange in the Multiverse of Madness,2022,https://boxd.it/gaTc,3
2022-07-15,O Signo do Caos,2003,https://boxd.it/5z2U,4
2022-07-16,Nostalgia,1983,https://boxd.it/28Qi,5
2022-07-21,Whiplash,2014,https://boxd.it/7bQA,4.5
2022-07-21,Happy Death Day,2017,https://boxd.it/fDz4,2
2022-07-22,Nymphomaniac: Vol. I,2013,https://boxd.it/7DiG,3.5
2022-07-23,Deep Red,1975,https://boxd.it/1E1E,5
2022-07-24,Di Cavalcanti,1977,https://boxd.it/2B9W,5
2022-07-25,F9,2021,https://boxd.it/dqsU,1.5
2022-07-27,"Salò, or the 120 Days of Sodom",1975,https://boxd.it/237s,4
2022-07-31,Evil Dead,2013,https://boxd.it/3GPq,3
2022-07-31,Vampires Suck,2010,https://boxd.it/125y,1
2022-08-31,Atman,1975,https://boxd.it/5n4Y,5
2022-09-09,Thunder,1982,https://boxd.it/8yjc,5
2022-09-09,Viola Chinesa,1975,https://boxd.it/8hJs,5
2022-09-09,"Hail, Sarajevo",1993,https://boxd.it/5mrC,5
2022-09-14,High-Rise,2009,https://boxd.it/68AM,4
2022-09-22,Macunaima,1969,https://boxd.it/2dYw,4
2022-09-23,Pierrot le Fou,1965,https://boxd.it/26j2,4
2022-09-24,Mars One,2022,https://boxd.it/yoPa,4
2022-10-14,The Serpent's Egg,1977,https://boxd.it/KDs,4
2022-11-06,Fellini Satyricon,1969,https://boxd.it/1UtY,3.5
2022-11-20,Fantastic Planet,1973,https://boxd.it/1KnQ,5
2022-11-23,Eu Ainda Sinto Falta de Muita Coisa,2022,https://boxd.it/BRUa,4
2022-11-28,The Seventh Seal,1957,https://boxd.it/2ahO,4
2022-12-06,Skinamarink,2022,https://boxd.it/ByDO,4.5
2022-12-27,Avatar,2009,https://boxd.it/1Efm,4
2022-12-28,Black Adam,2022,https://boxd.it/fup0,2.5
2022-12-28,The Bitter Tears of Petra von Kant,1972,https://boxd.it/1WzE,4.5
2023-01-06,Madame Satã,2002,https://boxd.it/LO2,4.5
2023-01-09,8 Mile,2002,https://boxd.it/2bew,3.5
2023-01-09,Nelson Cavaquinho,1969,https://boxd.it/8HB0,4
2023-01-10,Rabbits,2002,https://boxd.it/SaI,5
2023-01-11,Avatar: The Way of Water,2022,https://boxd.it/2E2E,3.5
2023-01-17,Jeepers Creepers,2001,https://boxd.it/1ZAg,3
2023-01-18,Jeepers Creepers 2,2003,https://boxd.it/1U3Q,3.5
2023-01-18,The Man from Toronto,2022,https://boxd.it/oRgS,2.5
2023-01-26,Everything Everywhere All at Once,2022,https://boxd.it/jUk4,3.5
2023-01-27,A Study in Choreography for Camera,1945,https://boxd.it/3xWi,4
2023-01-27,The Big Shave,1967,https://boxd.it/HO8,3.5
2023-02-07,Dancer in the Dark,2000,https://boxd.it/71E,5
2023-02-22,Awakening of the Beast,1970,https://boxd.it/3d62,5
2023-02-23,Funny Games,1997,https://boxd.it/1WKM,4
2023-03-08,Copacabana My Love,1970,https://boxd.it/5Oh6,4
2023-03-10,Au Hasard Balthazar,1966,https://boxd.it/1E3g,4
2023-03-12,"Rio, Zona Norte",1957,https://boxd.it/4F96,5
2023-03-15,The Whale,2022,https://boxd.it/tw4c,4
2023-03-20,House,1977,https://boxd.it/1vsm,4
2023-03-21,The Wicker Man,1973,https://boxd.it/1KnG,5
2023-03-21,Life Is Flashing Before Your Eyes,1984,https://boxd.it/3Av0,3.5
2023-03-21,Harpy,1979,https://boxd.it/54RM,3.5
2023-03-21,Malice in Wonderland,1982,https://boxd.it/2cOg,4.5
2023-03-22,Trainwreck: Woodstock '99,2022,https://boxd.it/C4jc,3
2023-03-22,Green Lantern,2011,https://boxd.it/QN4,1
2023-03-22,Dragonball Evolution,2009,https://boxd.it/1ODy,0.5
2023-03-22,The SpongeBob SquarePants Movie,2004,https://boxd.it/1SYq,3
2023-03-22,The Dirt,2019,https://boxd.it/aGN4,2.5
2023-03-22,Bohemian Rhapsody,2018,https://boxd.it/f1TK,2.5
2023-03-22,Logan Lucky,2017,https://boxd.it/dZrs,3
2023-03-22,Hacksaw Ridge,2016,https://boxd.it/azew,3
2023-03-22,X-Men: Apocalypse,2016,https://boxd.it/7eJi,2
2023-03-22,Fast & Furious 6,2013,https://boxd.it/2UG6,1.5
2023-03-22,Till Luck Do Us Part,2012,https://boxd.it/4Rd0,2
2023-03-22,The Lorax,2012,https://boxd.it/2w9M,3
2023-03-22,The Possession,2012,https://boxd.it/2Hla,2
2023-03-22,You're Next,2011,https://boxd.it/2WWK,3
2023-03-22,The Smurfs,2011,https://boxd.it/Zcm,2
2023-03-22,Fast Five,2011,https://boxd.it/BgO,2
2023-03-22,Alphaville - Do Lado de Dentro do Muro,2009,https://boxd.it/Bdm8,3.5
2023-03-22,The Fast and the Furious: Tokyo Drift,2006,https://boxd.it/1Yeo,2.5
2023-03-22,Flushed Away,2006,https://boxd.it/1Tpm,2.5
2023-03-22,Spider-Man: No Way Home,2021,https://boxd.it/nwRw,4
2023-03-22,The Grand Budapest Hotel,2014,https://boxd.it/3ZqO,5
2023-03-23,Toy Story 3,2010,https://boxd.it/1WRe,5
2023-03-23,Irreversible,2002,https://boxd.it/29as,4
2023-04-02,Eraserhead,1977,https://boxd.it/299u,5
2023-04-05,Guillermo del Toro's Pinocchio,2022,https://boxd.it/kjMW,3.5
2023-04-06,Teen Beach Movie,2013,https://boxd.it/5rKa,2
2023-04-06,Teen Beach 2,2015,https://boxd.it/aArm,1
2023-04-15,Brothers,2009,https://boxd.it/20WW,3
2023-04-15,Terrifier 2,2022,https://boxd.it/oI10,3
2023-04-16,Saw,2004,https://boxd.it/2aWW,4
2023-04-16,The Human Centipede (First Sequence),2009,https://boxd.it/18Tu,0.5
2023-04-16,The Little Cars in the Great Race,2006,https://boxd.it/tjy4,2
2023-04-16,The Cat in the Hat,2003,https://boxd.it/1VSU,1.5
2023-04-17,The Edge of Seventeen,2016,https://boxd.it/d5nu,3
2023-04-17,Cinema Paradiso,1988,https://boxd.it/1UlA,5
2023-04-23,A Star Is Born,2018,https://boxd.it/aXgc,3
2023-05-08,Beautiful Disaster,2023,https://boxd.it/CoWy,0.5
2023-05-14,Cast Away,2000,https://boxd.it/20i8,4
2023-05-14,Unbreakable,2000,https://boxd.it/1XV2,5
2023-05-15,The Color Purple,1985,https://boxd.it/29oO,2
2023-05-21,Drained,2006,https://boxd.it/10LM,4.5
2023-06-02,X2,2003,https://boxd.it/1a7i,4
2023-06-02,Logan,2017,https://boxd.it/7Piy,4.5
2023-06-02,X-Men Origins: Wolverine,2009,https://boxd.it/27ug,2.5
2023-06-02,The Bear Family Secret,2014,https://boxd.it/gijm,3
2023-06-04,The Angel Was Born,1969,https://boxd.it/33DU,3
2023-06-04,La Llorona,2019,https://boxd.it/mQqe,4
2023-06-04,The Game,1997,https://boxd.it/26vC,4
2023-06-06,Pink Floyd: Live at Pompeii,1972,https://boxd.it/1v90,5
2023-06-17,Spider-Man: Across the Spider-Verse,2023,https://boxd.it/kSz4,5
2023-06-19,Spider-Man 3,2007,https://boxd.it/2a7Y,4.5
2023-06-19,Spider-Man,2002,https://boxd.it/2a8i,4.5
2023-06-19,Tarzan,2013,https://boxd.it/6MFC,0.5
2023-06-26,After,2019,https://boxd.it/jBb8,0.5
2023-06-26,Jeca Tatu,1959,https://boxd.it/3ZXy,3.5
2023-07-01,Elephant,2003,https://boxd.it/287i,4
2023-07-12,The Little Cotton Girl,2002,https://boxd.it/7tXa,2
2023-07-24,Häxan,1922,https://boxd.it/n4O,4
2023-07-26,Gravity,1984,https://boxd.it/899c,3.5
2023-07-28,Eyes Without a Face,1960,https://boxd.it/1j9i,4
2023-07-29,The Prestige,2006,https://boxd.it/293w,4
2023-07-29,The Batman,2022,https://boxd.it/eDGs,4.5
2023-07-29,Uncut Gems,2019,https://boxd.it/gXGc,4.5
2023-07-29,Dreams,1990,https://boxd.it/1ROu,4
2023-07-29,Cria!,1976,https://boxd.it/AoC,4.5
2023-07-29,Winter Light,1963,https://boxd.it/1nrU,4.5
2023-07-30,Requiem for a Dream,2000,https://boxd.it/29VI,5
2023-07-30,Little Women,2019,https://boxd.it/aSVk,3.5
2023-07-30,Hachi: A Dog's Tale,2009,https://boxd.it/1q4a,3
2023-07-31,Black Swan,2010,https://boxd.it/Sw0,4.5
2023-07-31,Stalker,1979,https://boxd.it/28PO,5
2023-07-31,Quinoa,2007,https://boxd.it/b9G2,4
2023-07-31,Reflections of a Blender,2010,https://boxd.it/4YgA,4.5
2023-07-31,The Post,2017,https://boxd.it/fTeG,3.5
2023-08-01,Sausage Party,2016,https://boxd.it/6CCe,2
2023-08-01,The Last Witch Hunter,2015,https://boxd.it/8lBW,1
2023-08-01,The Martian,2015,https://boxd.it/8SeG,3
2023-08-01,Lights Out,2013,https://boxd.it/7GU4,2.5
2023-08-01,Till Luck Do Us Part 2,2013,https://boxd.it/6Jzm,2
2023-08-01,Just Go with It,2011,https://boxd.it/Doq,3
2023-08-01,Shrek Forever After,2010,https://boxd.it/1WRo,3.5
2023-08-01,Alvin and the Chipmunks,2007,https://boxd.it/21E0,2.5
2023-08-01,Shrek the Third,2007,https://boxd.it/29yY,3
2023-08-01,Click,2006,https://boxd.it/1YVM,2.5
2023-08-01,Shrek 2,2004,https://boxd.it/29z8,4
2023-08-01,Troy,2004,https://boxd.it/29TW,3.5
2023-08-01,Shrek,2001,https://boxd.it/29zi,4
2023-08-01,A Bug's Life,1998,https://boxd.it/1Yyy,3
2023-08-01,Liar Liar,1997,https://boxd.it/28sg,3
2023-08-03,Martin,1977,https://boxd.it/1tJ6,4.5
2023-08-04,The Masque of the Red Death,1964,https://boxd.it/1w12,3.5
2023-08-04,Lady Bird,2017,https://boxd.it/dGNE,4
2023-08-05,A Nightmare,1896,https://boxd.it/3y7g,3
2023-08-05,Tanta Estrela Por Aí,1993,https://boxd.it/cN32,3
2023-08-07,Dumbo,2019,https://boxd.it/aNYI,3
2023-08-07,Frozen,2013,https://boxd.it/3GNa,2.5
2023-08-07,Ice Age: Continental Drift,2012,https://boxd.it/lQ2,2.5
2023-08-07,Ice Age: Dawn of the Dinosaurs,2009,https://boxd.it/20iC,2
2023-08-07,Lilo & Stitch,2002,https://boxd.it/1TAY,3
2023-08-07,Madagascar 3: Europe's Most Wanted,2012,https://boxd.it/2NF6,3
2023-08-07,Penguins of Madagascar,2014,https://boxd.it/89tc,2.5
2023-08-07,Kong: Skull Island,2017,https://boxd.it/9ewM,3
2023-08-07,2 Fast 2 Furious,2003,https://boxd.it/2a4g,2.5
2023-08-10,Inland Empire,2006,https://boxd.it/28d6,5
2023-08-10,Puss in Boots,2011,https://boxd.it/eL34,2
2023-08-10,Beauty and the Beast,1991,https://boxd.it/1XhG,3
2023-08-10,Death Note,2006,https://boxd.it/psEs,4
2023-08-10,Alvin and the Chipmunks: Chipwrecked,2011,https://boxd.it/s9E,2
2023-08-10,Ben 10: Race Against Time,2007,https://boxd.it/1L38,1
2023-08-10,Ben 10 Alien Swarm,2009,https://boxd.it/1vpC,1
2023-08-12,Twin Peaks,1989,https://boxd.it/g8pk,5
2023-08-21,Thor: Love and Thunder,2022,https://boxd.it/mMAY,2
2023-08-25,The Passion of Joan of Arc,1928,https://boxd.it/29DO,5
2023-08-27,I Lost My Body,2019,https://boxd.it/lAYs,3
2023-10-03,Wings of Desire,1987,https://boxd.it/2b26,4.5
2023-10-15,Nosso Sonho,2023,https://boxd.it/zKIW,4
2023-10-20,Before Sunrise,1995,https://boxd.it/2bcU,5
2023-10-23,The Host,2006,https://boxd.it/28ZY,4
2023-11-03,Viramundo,1965,https://boxd.it/7U00,4
2023-11-03,Carrie,1976,https://boxd.it/20ZQ,5
2023-11-04,Before Sunset,2004,https://boxd.it/2bcg,4.5
2023-11-04,Bird Box,2018,https://boxd.it/eh1i,2.5
2023-11-20,"Sem Essa, Aranha",1970,https://boxd.it/5ETa,4
2023-11-21,Black Panthers,1968,https://boxd.it/4BCe,4.5
